1 | Adrian_Peterson
2 | Chris_Johnson
3 | Jamaal_Charles
4 | Arian_Foster
5 | Ray_Rice
6 | LeSean_McCoy
7 | Maurice_Jones-Drew
8 | Rashard_Mendenhall
9 | Michael_Turner
10 | Frank_Gore
11 | Steven_Jackson
12 | Darren_McFadden
13 | Peyton_Hillis
14 | Matt_Forte
15 | DeAngelo_Williams
16 | Ahmad_Bradshaw
17 | Knowshon_Moreno
18 | LeGarrette_Blount
19 | Jahvid_Best
20 | BenJarvus_Green-Ellis
21 | Felix_Jones
22 | Jonathan_Stewart
23 | Beanie_Wells
24 | Ryan_Mathews
25 | Cedric_Benson
26 | Fred_Jackson
27 | Shonn_Greene
28 | Ryan_Grant
29 | Mark_Ingram
30 | Marshawn_Lynch
31 | James_Starks
32 | Tim_Hightower
33 | Pierre_Thomas
34 | Joseph_Addai
35 | Daniel_Thomas
36 | Mike_Tolbert
37 | C.J._Spiller
38 | Reggie_Bush
39 | Michael_Bush
40 | Brandon_Jacobs
41 | Willis_McGahee
42 | Ryan_Torain
43 | LaDainian_Tomlinson
44 | Ricky_Williams
45 | Thomas_Jones
46 | Danny_Woodhead
47 | Jerome_Harrison
48 | Montario_Hardesty
49 | Ronnie_Brown
50 | Darren_Sproles
51 | Roy_Helu
52 | Ben_Tate
53 | Anthony_Dixon
54 | DeMarco_Murray
55 | Mike_Goodson
56 | Chester_Taylor
57 | Jason_Snelling
58 | Bernard_Scott
59 | Toby_Gerhart
60 | Cadillac_Williams
61 | Deji_Karim
62 | Derrick_Ward
63 | Marion_Barber
64 | Justin_Forsett
65 | LaRod_Stephens-Howling
66 | Donald_Brown
67 | Javon_Ringer
68 | Tashard_Choice
69 | Stevan_Ridley
70 | Kendall_Hunter
71 | Delone_Carter
72 | Jacquizz_Rodgers
73 | Alex_Green
74 | Jerious_Norwood
75 | Earnest_Graham
76 | Leon_Washington
77 | Steve_Slaton
78 | Isaac_Redman
79 | Le'Ron_McClain
80 | Maurice_Morris
81 | Jordan_Todman
82 | Jamie_Harper
83 | Shane_Vereen
84 | Brian_Westbrook
85 | Keiland_Williams
86 | Clinton_Portis
87 | Kevin_Smith
88 | Joe_McKnight
89 | Tiki_Barber
90 | Marcel_Reece
91 | Taiwan_Jones
92 | Chris_Ivory
93 | Dion_Lewis
94 | Jonathan_Dwyer
95 | John_Kuhn
96 | Aaron_Brown
97 | D.J._Ware
98 | Bilal_Powell
99 | Kregg_Lumpkin
100 | Julius_Jones
101 | Lousaka_Polite
102 | Tyrell_Sutton
103 | Charles_Scott
104 | Allen_Bradford
105 | Lance_Ball
106 | Brian_Leonard
107 | Mewelde_Moore
108 | Keith_Toston
109 | Laurence_Maroney
110 | Jalen_Parmele
111 | Quinn_Porter
112 | Lynell_Hamilton
113 | Lex_Hilliard
114 | Lonyae_Miller
115 | James_Davis
116 | Da'Rel_Scott
117 | Kahlil_Bell
118 | Mike_Hart
119 | Correll_Buckhalter
120 | Javarris_James
1 | Adrian_Peterson
2 | Chris_Johnson
3 | Jamaal_Charles
4 | Arian_Foster
5 | Ray_Rice
6 | LeSean_McCoy
7 | Maurice_Jones-Drew
8 | Rashard_Mendenhall
9 | Michael_Turner
10 | Frank_Gore
11 | Steven_Jackson
12 | Darren_McFadden
13 | Peyton_Hillis
14 | Matt_Forte
15 | DeAngelo_Williams
16 | Ahmad_Bradshaw
17 | Knowshon_Moreno
18 | LeGarrette_Blount
19 | Jahvid_Best
20 | BenJarvus_Green-Ellis
21 | Felix_Jones
22 | Jonathan_Stewart
23 | Beanie_Wells
24 | Ryan_Mathews
25 | Cedric_Benson
26 | Fred_Jackson
27 | Shonn_Greene
28 | Ryan_Grant
29 | Mark_Ingram
30 | Marshawn_Lynch
31 | James_Starks
32 | Tim_Hightower
33 | Pierre_Thomas
34 | Joseph_Addai
35 | Daniel_Thomas
36 | Mike_Tolbert
37 | C.J._Spiller
38 | Reggie_Bush
39 | Michael_Bush
40 | Brandon_Jacobs
41 | Willis_McGahee
42 | Ryan_Torain
43 | LaDainian_Tomlinson
44 | Ricky_Williams
45 | Thomas_Jones
46 | Danny_Woodhead
47 | Jerome_Harrison
48 | Montario_Hardesty
49 | Ronnie_Brown
50 | Darren_Sproles
51 | Roy_Helu
52 | Ben_Tate
53 | Anthony_Dixon
54 | DeMarco_Murray
55 | Mike_Goodson
56 | Chester_Taylor
57 | Jason_Snelling
58 | Bernard_Scott
59 | Toby_Gerhart
60 | Cadillac_Williams
61 | Deji_Karim
62 | Derrick_Ward
63 | Marion_Barber
64 | Justin_Forsett
65 | LaRod_Stephens-Howling
66 | Donald_Brown
67 | Javon_Ringer
68 | Tashard_Choice
69 | Stevan_Ridley
70 | Kendall_Hunter
71 | Delone_Carter
72 | Jacquizz_Rodgers
73 | Alex_Green
74 | Jerious_Norwood
75 | Earnest_Graham
76 | Leon_Washington
77 | Steve_Slaton
78 | Isaac_Redman
79 | Le'Ron_McClain
80 | Maurice_Morris
81 | Jordan_Todman
82 | Jamie_Harper
83 | Shane_Vereen
84 | Brian_Westbrook
85 | Keiland_Williams
86 | Clinton_Portis
87 | Kevin_Smith
88 | Joe_McKnight
89 | Tiki_Barber
90 | Marcel_Reece
91 | Taiwan_Jones
92 | Chris_Ivory
93 | Dion_Lewis
94 | Jonathan_Dwyer
95 | John_Kuhn
96 | Aaron_Brown
97 | D.J._Ware
98 | Bilal_Powell
99 | Kregg_Lumpkin
100 | Julius_Jones
101 | Lousaka_Polite
102 | Tyrell_Sutton
103 | Charles_Scott
104 | Allen_Bradford
105 | Lance_Ball
106 | Brian_Leonard
107 | Mewelde_Moore
108 | Keith_Toston
109 | Laurence_Maroney
110 | Jalen_Parmele
111 | Quinn_Porter
112 | Lynell_Hamilton
113 | Lex_Hilliard
114 | Lonyae_Miller
115 | James_Davis
116 | Da'Rel_Scott
117 | Kahlil_Bell
118 | Mike_Hart
119 | Correll_Buckhalter
120 | Javarris_James
