1 | Calvin_Johnson
2 | Demaryius_Thomas
3 | A.J._Green
4 | Dez_Bryant
5 | Brandon_Marshall
6 | Julio_Jones
7 | Jordy_Nelson
8 | Alshon_Jeffery
9 | Antonio_Brown
10 | Randall_Cobb
11 | Andre_Johnson
12 | Vincent_Jackson
13 | Larry_Fitzgerald
14 | Pierre_Garcon
15 | Keenan_Allen
16 | Victor_Cruz
17 | Roddy_White
18 | DeSean_Jackson
19 | Percy_Harvin
20 | Michael_Crabtree
21 | Torrey_Smith
22 | Michael_Floyd
23 | Cordarrelle_Patterson
24 | Julian_Edelman
25 | Jeremy_Maclin
26 | T.Y._Hilton
27 | Emmanuel_Sanders
28 | Reggie_Wayne
29 | Marques_Colston
30 | Golden_Tate
31 | Kendall_Wright
32 | Eric_Decker
33 | Mike_Wallace
34 | Terrance_Williams
35 | Cecil_Shorts_III
36 | Anquan_Boldin
37 | DeAndre_Hopkins
38 | Wes_Welker
39 | Sammy_Watkins
40 | Riley_Cooper
81 | Jermaine_Kearse
82 | Jerome_Simpson
83 | Santonio_Holmes
84 | Marlon_Brown
85 | John_Brown
86 | Jeremy_Kerley
87 | Eddie_Royal
88 | Miles_Austin
89 | Cody_Latimer
90 | Andre_Caldwell
91 | Jerrel_Jernigan
92 | Jarvis_Landry
93 | Chris_Givens
94 | Davante_Adams
95 | Cole_Beasley
96 | Jason_Avant
97 | Joseph_Morgan
98 | Allen_Robinson
99 | Martavis_Bryant
100 | Mohamed_Sanu
101 | Ted_Ginn
102 | Ryan_Broyles
103 | Quinton_Patton
104 | Ace_Sanders
105 | Jacoby_Jones
106 | David_Nelson
107 | Brian_Quick
108 | Junior_Hemingway
109 | Chris_Owusu
110 | DeVier_Posey
111 | Marquise_Goodwin
112 | Dwayne_Harris
113 | Travis_Benjamin
114 | Mike_Brown
115 | Louis_Murphy
116 | Paul_Richardson
117 | Donte_Moncrief
118 | Da'Rick_Rogers
119 | Jarius_Wright
120 | Devin_Hester
41 | Danny_Amendola
42 | Greg_Jennings
43 | Steve_Smith_Sr.
44 | Dwayne_Bowe
45 | Justin_Hunter
46 | Hakeem_Nicks
47 | Mike_Evans
48 | Rueben_Randle
49 | Tavon_Austin
50 | Jarrett_Boykin
51 | Brandin_Cooks
52 | Markus_Wheaton
53 | James_Jones
54 | Andrew_Hawkins
55 | Marqise_Lee
56 | Doug_Baldwin
57 | Kenny_Stills
58 | Dexter_McCluster
59 | Denarius_Moore
60 | Brandon_LaFell
61 | Rod_Streater
62 | Brian_Hartline
63 | Stevie_Johnson
64 | Aaron_Dobson
65 | Jerricho_Cotchery
66 | Kelvin_Benjamin
67 | Odell_Beckham_Jr.
68 | Mike_Williams
69 | Andre_Roberts
70 | Kenny_Britt
71 | Robert_Woods
72 | Jordan_Matthews
73 | Andre_Holmes
74 | Harry_Douglas
75 | Malcom_Floyd
76 | Kenbrell_Thompkins
77 | Lance_Moore
78 | Nate_Washington
79 | Marvin_Jones
80 | Donnie_Avery
1 | Calvin_Johnson
2 | Demaryius_Thomas
3 | A.J._Green
4 | Dez_Bryant
5 | Brandon_Marshall
6 | Julio_Jones
7 | Jordy_Nelson
8 | Alshon_Jeffery
9 | Antonio_Brown
10 | Randall_Cobb
11 | Andre_Johnson
12 | Vincent_Jackson
13 | Larry_Fitzgerald
14 | Pierre_Garcon
15 | Keenan_Allen
16 | Victor_Cruz
17 | Roddy_White
18 | DeSean_Jackson
19 | Percy_Harvin
20 | Michael_Crabtree
21 | Torrey_Smith
22 | Michael_Floyd
23 | Cordarrelle_Patterson
24 | Julian_Edelman
25 | Jeremy_Maclin
26 | T.Y._Hilton
27 | Emmanuel_Sanders
28 | Reggie_Wayne
29 | Marques_Colston
30 | Golden_Tate
31 | Kendall_Wright
32 | Eric_Decker
33 | Mike_Wallace
34 | Terrance_Williams
35 | Cecil_Shorts_III
36 | Anquan_Boldin
37 | DeAndre_Hopkins
38 | Wes_Welker
39 | Sammy_Watkins
40 | Riley_Cooper
81 | Jermaine_Kearse
82 | Jerome_Simpson
83 | Santonio_Holmes
84 | Marlon_Brown
85 | John_Brown
86 | Jeremy_Kerley
87 | Eddie_Royal
88 | Miles_Austin
89 | Cody_Latimer
90 | Andre_Caldwell
91 | Jerrel_Jernigan
92 | Jarvis_Landry
93 | Chris_Givens
94 | Davante_Adams
95 | Cole_Beasley
96 | Jason_Avant
97 | Joseph_Morgan
98 | Allen_Robinson
99 | Martavis_Bryant
100 | Mohamed_Sanu
101 | Ted_Ginn
102 | Ryan_Broyles
103 | Quinton_Patton
104 | Ace_Sanders
105 | Jacoby_Jones
106 | David_Nelson
107 | Brian_Quick
108 | Junior_Hemingway
109 | Chris_Owusu
110 | DeVier_Posey
111 | Marquise_Goodwin
112 | Dwayne_Harris
113 | Travis_Benjamin
114 | Mike_Brown
115 | Louis_Murphy
116 | Paul_Richardson
117 | Donte_Moncrief
118 | Da'Rick_Rogers
119 | Jarius_Wright
120 | Devin_Hester
41 | Danny_Amendola
42 | Greg_Jennings
43 | Steve_Smith_Sr.
44 | Dwayne_Bowe
45 | Justin_Hunter
46 | Hakeem_Nicks
47 | Mike_Evans
48 | Rueben_Randle
49 | Tavon_Austin
50 | Jarrett_Boykin
51 | Brandin_Cooks
52 | Markus_Wheaton
53 | James_Jones
54 | Andrew_Hawkins
55 | Marqise_Lee
56 | Doug_Baldwin
57 | Kenny_Stills
58 | Dexter_McCluster
59 | Denarius_Moore
60 | Brandon_LaFell
61 | Rod_Streater
62 | Brian_Hartline
63 | Stevie_Johnson
64 | Aaron_Dobson
65 | Jerricho_Cotchery
66 | Kelvin_Benjamin
67 | Odell_Beckham_Jr.
68 | Mike_Williams
69 | Andre_Roberts
70 | Kenny_Britt
71 | Robert_Woods
72 | Jordan_Matthews
73 | Andre_Holmes
74 | Harry_Douglas
75 | Malcom_Floyd
76 | Kenbrell_Thompkins
77 | Lance_Moore
78 | Nate_Washington
79 | Marvin_Jones
80 | Donnie_Avery
