15100 | Ameer_Abdullah 
14404 | Ray_Agnew 
15102 | Jay_Ajayi 
15106 | Javorius_Allen 
13008 | C.J._Anderson 
14573 | Antonio_Andrews 
14109 | Dri_Archer 
15810 | Alex_Armah 
15112 | Cameron_Artis-Payne 
12753 | Matt_Asiata 
14552 | George_Atkinson 
12444 | Vick_Ballard 
15052 | Joe_Banyard 
14807 | Peyton_Barber 
13023 | Kenjon_Barner 
11754 | Joique_Bell 
13029 | Le'Veon_Bell 
13031 | Giovani_Bernard 
14655 | Kapri_Bibbs 
11746 | LeGarrette_Blount 
14121 | Alfred_Blue 
12841 | Brandon_Bolden 
15517 | Devontae_Booker 
15523 | Zac_Brooks 
12503 | Bryce_Brown 
14884 | Mack_Brown 
14730 | Malcolm_Brown 
13054 | Rex_Burkhead 
14888 | Brandon_Burks 
15125 | Michael_Burton 
2604 | Reggie_Bush 
12842 | Travaris_Cadet 
14144 | Ka'Deem_Carey 
15831 | Christopher_Carson 
2902 | Jamaal_Charles 
15137 | David_Cobb 
15836 | Tarik_Cohen 
14398 | Derrick_Coleman 
15138 | Tevin_Coleman 
15546 | Alex_Collins 
3210 | Jed_Collins 
15840 | James_Conner 
15841 | Dalvin_Cook 
14737 | Marshaun_Coprich 
13547 | Michael_Cox 
14696 | John_Crockett 
14381 | Isaiah_Crowell 
15038 | Benny_Cunningham 
14446 | Orleans_Darkwa 
13084 | Knile_Davis 
15147 | Mike_Davis 
15849 | Matt_Dayes 
14448 | James_Develin 
14387 | Patrick_DiMarco 
15564 | Kenneth_Dixon 
15569 | Kenyan_Drake 
12271 | Shaun_Draughn 
15004 | Lance_Dunbar 
13103 | Andre_Ellington 
15575 | Ezekiel_Elliott 
15576 | Tyler_Ervin 
14847 | George_Farmer 
14781 | Kenneth_Farrow 
2910 | Jerome_Felton 
14738 | Josh_Ferguson 
15869 | D'Onta_Foreman 
2915 | Justin_Forsett 
2916 | Matt_Forte 
14744 | D.J._Foster 
15871 | Leonard_Fournette 
15173 | Jalston_Fowler 
14182 | Devonta_Freeman 
14186 | Tyler_Gaffney 
15873 | Wayne_Gallman 
14667 | Kendall_Gaskins 
11461 | Toby_Gerhart 
13128 | Mike_Gillislee 
15187 | Melvin_Gordon 
2491 | Frank_Gore 
14597 | Corey_Grant 
12456 | Cyrus_Gray 
14502 | Jonas_Gray 
14198 | Marion_Grice 
15051 | Jonathan_Grimes 
15197 | Todd_Gurley 
14629 | Alonzo_Harris 
12232 | DuJuan_Harris 
14532 | Josh_Harris 
14590 | Jarryd_Hayne 
11959 | Roy_Helu 
15892 | De'Angelo_Henderson 
15602 | Derrick_Henry 
12465 | Dan_Herron 
2926 | Tim_Hightower 
15895 | Brian_Hill 
14899 | Bronson_Hill 
14207 | Jeremy_Hill 
15210 | Kenny_Hilliard 
12341 | Ronnie_Hillman 
15902 | Elijah_Hood 
15612 | Jordan_Howard 
14773 | Julian_Howsare 
14385 | Robert_Hughes 
14685 | Akeem_Hunt 
15906 | Kareem_Hunt 
14212 | Carlos_Hyde 
11882 | Mark_Ingram 
15216 | Joey_Iosefa 
11719 | Chris_Ivory 
15619 | Darius_Jackson 
14823 | Don_Jackson 
13181 | Mike_James 
13182 | Jawan_Jamison 
15622 | Andy_Janovich 
11250 | Rashad_Jennings 
14451 | Austin_Johnson 
2932 | Chris_Johnson 
15223 | David_Johnson 
15221 | Duke_Johnson 
15222 | Malcolm_Johnson 
14223 | Storm_Johnson 
12791 | Will_Johnson 
15916 | Aaron_Jones 
15226 | Matt_Jones 
11979 | Taiwan_Jones 
13213 | Kyle_Juszczyk 
15924 | Alvin_Kamara 
14740 | Rob_Kelley 
14896 | Joe_Kerridge 
2723 | John_Kuhn 
13230 | Eddie_Lacy 
15234 | Jeremy_Langford 
15642 | Daniel_Lasco 
14785 | Paul_Lasike 
12003 | Dion_Lewis 
13240 | Zach_Line 
15943 | T.J._Logan 
2756 | Marshawn_Lynch 
15945 | Marlon_Mack 
14719 | Terrence_Magee 
14871 | Byron_Marshall 
15653 | Keith_Marshall 
12306 | Doug_Martin 
14252 | Tre_Mason 
11422 | Ryan_Mathews 
15949 | Devante_Mays 
15950 | Christian_McCaffrey 
11446 | Dexter_McCluster 
11053 | LeSean_McCoy 
2940 | Darren_McFadden 
15953 | Elijah_McGuire 
14260 | Jerick_McKinnon 
14901 | J.D._McKissic 
15957 | Jeremy_McNichols 
13278 | Christine_Michael 
12065 | Bruce_Miller 
12371 | Lamar_Miller 
15961 | Joe_Mixon 
15253 | Ty_Montgomery 
12447 | Alfred_Morris 
14679 | Raheem_Mostert 
15968 | Khalfani_Muhammad 
15258 | Marcus_Murphy 
11925 | DeMarco_Murray 
13295 | Latavius_Murray 
14593 | Roosevelt_Nix 
14402 | Jamize_Olawale 
14465 | Branden_Oliver 
2693 | Montell_Owens 
12325 | Isaiah_Pead 
11185 | Cedric_Peerman 
15976 | Samaje_Perine 
15679 | Paul_Perkins 
14410 | Senorise_Perry 
2754 | Adrian_Peterson 
12358 | Bernard_Pierce 
15028 | Chris_Polk 
14471 | Tauren_Poole 
14824 | Troymaine_Pope 
11980 | Bilal_Powell 
15000 | William_Powell 
14285 | Jay_Prosch 
15682 | C.J._Prosise 
15980 | Donnel_Pumphrey 
12672 | Bobby_Rainey 
13323 | Joseph_Randle 
14587 | Thomas_Rawls 
14464 | Darrin_Reaves 
14396 | Silas_Redd 
3222 | Marcel_Reece 
3209 | Darius_Reynaud 
14408 | Chase_Reynolds 
2951 | Ray_Rice 
14746 | Jalen_Richard 
12526 | Daryl_Richardson 
13334 | Theo_Riddick 
11927 | Stevan_Ridley 
15291 | Aaron_Ripkowski 
13338 | Denard_Robinson 
15293 | Josh_Robinson 
15039 | Khiry_Robinson 
11999 | Jacquizz_Rodgers 
15991 | Sam_Rogers 
14305 | Bishop_Sankey 
11990 | Anthony_Sherman 
14314 | Charles_Sims 
15709 | Wendell_Smallwood 
11802 | Alfonso_Smith 
11673 | Antone_Smith 
14651 | Rod_Smith 
11419 | C.J._Spiller 
2513 | Darren_Sproles 
13371 | Zac_Stacy 
11603 | James_Starks 
14544 | Jeremy_Stewart 
2967 | Jonathan_Stewart 
14420 | Will_Ta'ufo'ou 
14333 | Lorenzo_Taliaferro 
15717 | Kelvin_Taylor 
13396 | Stepfan_Taylor 
2851 | Pierre_Thomas 
13403 | Chris_Thompson 
14483 | Juwan_Thompson 
14547 | Zurlon_Tipton 
12037 | Jordan_Todman 
2988 | Mike_Tolbert 
11737 | Keith_Toston 
14560 | Fitzgerald_Toussaint 
11841 | Will_Tukuafu 
12380 | Robert_Turbin 
14600 | Tyler_Varga 
11910 | Shane_Vereen 
15732 | Dan_Vitale 
14588 | Terron_Ward 
13419 | Spencer_Ware 
15737 | DeAndre_Washington 
15738 | Dwayne_Washington 
14739 | Terrell_Watson 
15739 | Derek_Watt 
14456 | Trey_Watts 
14533 | Charcandrick_West 
14356 | Terrance_West 
14358 | James_White 
14638 | Nikita_Whitlock 
15032 | Fozzy_Whittaker 
14860 | Brandon_Wilds 
14359 | Andre_Williams 
14447 | Damien_Williams 
2611 | DeAngelo_Williams 
16038 | Jamaal_Williams 
16039 | Joe_Williams 
15747 | Jonathan_Williams 
15346 | Karlos_Williams 
13439 | Kerwynn_Williams 
16041 | Marquez_Williams 
14731 | Trey_Williams 
16045 | Brandon_Wilson 
13455 | George_Winn 
14709 | Glenn_Winston 
11331 | Danny_Woodhead 
15355 | T.J._Yeldon 
11743 | Darrel_Young 
14583 | Zach_Zenner 
