14100 | Jared_Abbrederis 
14102 | Davante_Adams 
15803 | Rodney_Adams 
14893 | Bralon_Addison 
15101 | Nelson_Agholor 
12226 | Kamar_Aiken 
11776 | Seyi_Ajirotutu 
15105 | Mario_Alford 
13003 | Keenan_Allen 
14829 | Geronimo_Allison 
11321 | Danny_Amendola 
14796 | Robby_Anderson 
13014 | Tavon_Austin 
2642 | Jason_Avant 
15506 | DeMarcus_Ayers 
13017 | Stedman_Bailey 
12173 | Doug_Baldwin 
12699 | Cole_Beasley 
14114 | Odell_Beckham_Jr 
15117 | Kenny_Bell 
14437 | Josh_Bellamy 
14115 | Kelvin_Benjamin 
12374 | Travis_Benjamin 
11449 | Arrelious_Benn 
14389 | Brenton_Bersin 
12280 | Justin_Blackmon 
15515 | Moritz_Boehringer 
2267 | Anquan_Boldin 
13035 | Alan_Bonner 
13039 | Josh_Boyce 
15519 | Tyler_Boyd 
15009 | Jarrett_Boykin 
15521 | Daniel_Braverman 
14747 | Quan_Bray 
12480 | LaVon_Brazill 
11030 | Kenny_Britt 
11605 | Antonio_Brown 
14136 | Jaron_Brown 
14137 | John_Brown 
13536 | Justin_Brown 
13048 | Marlon_Brown 
15041 | Mike_Brown 
15826 | Noah_Brown 
14390 | Philly_Brown 
11936 | Vincent_Brown 
12329 | Ryan_Broyles 
11434 | Dez_Bryant 
14139 | Martavis_Bryant 
15529 | Aaron_Burbridge 
14512 | Isaiah_Burse 
13540 | Brice_Butler 
14678 | Jeremy_Butler 
14890 | Damiere_Byrd 
2900 | Andre_Caldwell 
14143 | Michael_Campanaro 
15539 | Leonte_Carroo 
15833 | Jehu_Chesson 
15136 | Sammie_Coates 
11918 | Randall_Cobb 
14582 | Brandon_Coleman 
15544 | Corey_Coleman 
15838 | Stacy_Coley 
15141 | Chris_Conley 
14153 | Brandin_Cooks 
15143 | Amari_Cooper 
15551 | Pharoh_Cooper 
11569 | Riley_Cooper 
15552 | Cody_Core 
3105 | Jerricho_Cotchery 
11010 | Michael_Crabtree 
15145 | Jamison_Crowder 
11721 | Victor_Cruz 
15843 | Amara_Darboh 
15845 | Corey_Davis 
15003 | Drew_Davis 
15148 | Geremy_Davis 
15847 | Robert_Davis 
15559 | Trevor_Davis 
15152 | Andre_Debose 
11497 | Eric_Decker 
15156 | Stefon_Diggs 
13093 | Aaron_Dobson 
15566 | Josh_Doctson 
15158 | Phillip_Dorsett 
13542 | Kevin_Dorsey 
2909 | Harry_Douglas 
15855 | Malachi_Dupre 
11961 | Kris_Durham 
14647 | Donteea_Dye 
11517 | Marcus_Easley 
11232 | Julian_Edelman 
14724 | Ben_Edwards 
14167 | Bruce_Ellington 
14170 | Quincy_Enunwa 
14742 | Alex_Erickson 
14172 | Mike_Evans 
14171 | Shaquelle_Evans 
3061 | Larry_Fitzgerald 
12288 | Michael_Floyd 
15867 | Isaiah_Ford 
14596 | Bennie_Fowler 
14892 | Isaac_Fruechte 
13122 | Corey_Fuller 
15583 | Devin_Fuller 
15585 | Will_Fuller 
15175 | Devin_Funchess 
14405 | Taylor_Gabriel 
2918 | Pierre_Garcon
11194 | Brandon_Gibson
15878 | Shelton_Gibson
2755 | Ted_Ginn_Jr 
12370 | Chris_Givens 
15881 | Chris_Godwin 
14628 | Brittan_Golden 
15882 | Kenny_Golladay 
13135 | Marquise_Goodwin 
12692 | Josh_Gordon 
12343 | T.J._Graham 
15592 | Jakeem_Grant 
14197 | Ryan_Grant 
11858 | A.J._Green 
15192 | Dorial_Green-Beckham 
15193 | Rashad_Greene 
14403 | Saalim_Hakim 
13144 | Cobi_Hamilton 
14393 | Frankie_Hammond_Jr 
11933 | Leonard_Hankerson 
15887 | Chad_Hansen 
15201 | Justin_Hardy 
14688 | Chris_Harper 
12030 | Dwayne_Harris 
14831 | Maurice_Harris 
11108 | Brian_Hartline 
11022 | Percy_Harvin 
12194 | Andrew_Hawkins 
14204 | Matt_Hazel 
15891 | Carlos_Henderson 
14676 | Javontee_Herndon 
14206 | Robert_Herron 
8354 | Devin_Hester 
11007 | Darrius_Heyward-Bey 
15606 | Rashard_Higgins 
12318 | Stephen_Hill 
15607 | Tyreek_Hill 
12366 | T.Y._Hilton 
14388 | Chris_Hogan 
11607 | Trindon_Holliday 
15900 | Mack_Hollins 
12245 | Andre_Holmes 
14766 | Johnny_Holton 
13167 | DeAndre_Hopkins 
14210 | Josh_Huff 
14608 | Adam_Humphries 
13174 | Justin_Hunter 
14383 | Allen_Hurns 
14567 | Dontrelle_Inman 
2930 | DeSean_Jackson 
2490 | Vincent_Jackson 
14218 | Jeff_Janis 
12320 | Alshon_Jeffery 
12305 | A.J._Jenkins 
14699 | Darius_Jennings 
11937 | Jerrel_Jernigan 
13193 | Charles_Johnson 
12786 | Damaris_Johnson 
11860 | Julio_Jones 
12440 | Marvin_Jones 
14723 | Seantavius_Jones 
14226 | T.J._Jones 
15922 | Zay_Jones 
15029 | Jermaine_Kearse 
12007 | Jeremy_Kerley 
13221 | Tavarres_King 
14704 | Jonathan_Krause 
15932 | Cooper_Kupp 
11488 | Brandon_LaFell 
14817 | Jake_Lampman 
14232 | Jarvis_Landry 
14233 | Cody_Latimer 
15643 | Kenny_Lawler 
14237 | Marqise_Lee 
15235 | Dezmin_Lewis 
14815 | Roger_Lewis 
14783 | Tommylee_Lewis 
15647 | Kolby_Listenbee 
11913 | Greg_Little 
15237 | Tyler_Lockett 
12250 | Ricardo_Lockette 
15648 | Ricardo_Louis 
15651 | Devin_Lucien 
11019 | Jeremy_Maclin 
15947 | Josh_Malone 
11632 | Marc_Mariani 
14607 | Bradley_Marquez 
2646 | Brandon_Marshall 
14772 | Jalin_Marshall 
12395 | Keshawn_Martin 
14504 | Freddie_Martino 
11050 | Mohamed_Massaquoi 
14550 | Chris_Matthews 
14255 | Jordan_Matthews 
12501 | Rishard_Matthews 
15244 | Vince_Mayle 
15246 | Tre_McBride 
14798 | Tanner_McEvoy 
15954 | Isaiah_McKenzie 
14886 | Paul_McRoberts 
14610 | Cameron_Meredith 
15659 | Braxton_Miller 
15662 | Malcolm_Mitchell 
14265 | Donte_Moncrief 
15663 | Chris_Moore 
15962 | David_Moore 
12002 | Denarius_Moore 
11710 | Marlon_Moore 
12770 | Joe_Morgan 
15257 | Keith_Mumphery 
11124 | Louis_Murphy 
14594 | Tyler_Murphy 
15261 | J.J._Nelson 
2946 | Jordy_Nelson 
11361 | Jordan_Norwood 
14275 | Kevin_Norwood 
11269 | Kevin_Ogletree 
15053 | Chris_Owusu 
15006 | Nathan_Palmer 
15271 | DeVante_Parker 
11738 | Preston_Parker 
13308 | Cordarrelle_Patterson 
13309 | Quinton_Patton 
14478 | Solomon_Patton 
15677 | Jordan_Payton 
15678 | Charone_Peake 
15274 | Breshad_Perriman 
11932 | Austin_Pettis 
12342 | DeVier_Posey 
14282 | Walter_Powell 
12109 | Terrelle_Pryor 
12308 | Brian_Quick 
12337 | Rueben_Randle 
14879 | Kalif_Raymond 
15985 | Josh_Reynolds 
15690 | Keenan_Reynolds 
14296 | Paul_Richardson 
14670 | Rico_Richardson 
11498 | Andre_Roberts 
14598 | Seth_Roberts 
12032 | Aldrick_Robinson 
14298 | Allen_Robinson 
15694 | Demarcus_Robinson 
11036 | Brian_Robiskie 
14777 | Chester_Rogers 
14741 | Eli_Rogers 
14382 | Jeremy_Ross 
15992 | John_Ross 
14621 | Rashad_Ross 
2953 | Eddie_Royal 
11966 | Greg_Salas 
15994 | Curtis_Samuel 
13350 | Ace_Sanders 
11492 | Emmanuel_Sanders 
12357 | Mohamed_Sanu 
12118 | Dane_Sanzenbacher 
14306 | Jalen_Saunders 
15704 | Tajae_Sharpe 
14414 | Russell_Shepard 
15706 | Sterling_Shepard 
11968 | Cecil_Shorts 
2961 | Jerome_Simpson 
2962 | Matt_Slater 
15312 | DeAndre_Smelter 
15316 | Devin_Smith 
14691 | Kevin_Smith 
14822 | Tevaun_Smith 
11912 | Torrey_Smith 
16004 | JuJu_Smith-Schuster 
14602 | Willie_Snead 
16007 | ArDarius_Stewart 
13379 | Kenny_Stills 
12781 | Rod_Streater 
14328 | Devin_Street 
12472 | Tommy_Streeter 
15325 | Jaelen_Strong 
16010 | Ryan_Switzer 
11083 | Brandon_Tate 
11470 | Golden_Tate 
14745 | Jordan_Taylor 
16014 | Taywan_Taylor 
16015 | Trent_Taylor 
14449 | Adam_Thielen 
14524 | Marcus_Thigpen 
14334 | De'Anthony_Thomas 
11432 | Demaryius_Thomas 
15719 | Michael_Thomas 
15720 | Mike_Thomas 
13402 | Kenbrell_Thompkins 
12673 | Deonte_Thompson 
12396 | Nick_Toon 
15724 | Laquon_Treadwell 
14836 | Bryce_Treggs 
14848 | Paul_Turner 
14710 | Andrew_Turzilli 
14493 | Brian_Tyms 
11253 | Tiquan_Underwood 
11084 | Mike_Wallace 
12144 | Bryan_Walters 
14431 | Corey_Washington 
2569 | Nate_Washington 
14626 | Tony_Washington 
14350 | Sammy_Watkins 
2882 | Eric_Weems 
16034 | Dede_Westbrook 
15045 | Griff_Whalen 
12021 | Ryan_Whalen 
13430 | Markus_Wheaton 
14619 | DeAndrew_White 
15344 | Kevin_White 
15044 | Myles_White 
14649 | Lucky_Whitehead 
16037 | Chad_Williams 
14525 | Chris_Williams 
11487 | Damian_Williams 
14729 | Kasen_Williams 
11616 | Kyle_Williams 
11511 | Mike_Williams 
16042 | Mike_Williams 
14606 | Nick_Williams 
13446 | Terrance_Williams 
14684 | Tyrell_Williams 
14868 | Wendall_Williams 
14507 | Albert_Wilson 
13451 | Marquess_Wilson 
13459 | Robert_Woods 
14614 | Chandler_Worthy 
14361 | James_Wright 
12392 | Jarius_Wright 
12295 | Kendall_Wright 
14852 | Shane_Wynn 
16052 | DeAngelo_Yancey 
