15500 | Jerell_Adams 
12338 | Dwayne_Allen 
14108 | Jace_Amaro 
15108 | Rory_'Busta'_Anderson 
14757 | Stephen_Anderson 
12095 | David_Ausberry 
15113 | Kennard_Backman 
2890 | Gary_Barnidge 
15116 | Blake_Bell 
2892 | Martellus_Bennett 
14694 | E.J._Bibbs 
15043 | Brandon_Bostick 
14797 | Braedon_Bowman 
15120 | Nick_Boyle 
14537 | Brett_Brackett 
14543 | Cameron_Brate 
14803 | Ben_Braunecker 
12153 | Richie_Brockel 
14695 | Daniel_Brown 
14468 | Trey_Burton 
15828 | Jake_Butt 
11956 | Jordan_Cameron 
14438 | Derek_Carrier 
11152 | James_Casey 
2803 | Brent_Celek 
14551 | Garrett_Celek 
2793 | Scott_Chandler 
12390 | Orson_Charles 
15131 | Gerald_Christian 
12028 | Charles_Clay 
14558 | Asante_Cleveland 
11098 | Chase_Coffman 
11089 | Jared_Cook 
11692 | Tom_Crabtree 
14793 | Alan_Cross 
11723 | Jeff_Cumberland 
14611 | Jerome_Cunningham 
13080 | Justice_Cunningham 
2637 | Owen_Daniels 
2906 | Kellen_Davis 
2606 | Vernon_Davis 
14549 | Anthony_Denham 
15153 | A.J._Derby 
15562 | Seth_Devalve 
11637 | Dorin_Dickerson 
11480 | Ed_Dickson 
14397 | Larry_Donnell 
13094 | Jack_Doyle 
11643 | Jim_Dray 
15572 | Thomas_Duarte 
14165 | Eric_Ebron 
12352 | Michael_Egnew 
13101 | Tyler_Eifert 
14853 | Alex_Ellis 
12402 | Rhett_Ellison 
15862 | Evan_Engram 
13104 | Zach_Ertz 
13105 | Gavin_Escobar 
15865 | Gerald_Everett 
2620 | Anthony_Fasano 
13108 | Joseph_Fauria 
14386 | Darren_Fells 
14177 | C.J._Fiedorowicz 
12309 | Coby_Fleener 
14470 | Chase_Ford 
2373 | Antonio_Gates 
15587 | Rico_Gathers 
14195 | Crockett_Gillmore 
12035 | Richard_Gordon 
13136 | Chris_Gragg 
11528 | Garrett_Graham 
11505 | Jimmy_Graham 
13139 | MarQueis_Gray 
12384 | Ladarius_Green 
12058 | Virgil_Green 
11431 | Jermaine_Gresham 
15047 | Ryan_Griffin 
14775 | Xavier_Grimble 
11452 | Rob_Gronkowski 
14810 | Connor_Hamlett 
14809 | Je'Ron_Hamm 
12460 | James_Hanna 
11535 | Clay_Harbor 
14407 | Cory_Harkey 
13149 | Demetrius_Harris 
14492 | Cooper_Helfet 
15601 | Temarrick_Hemingway 
15603 | Hunter_Henry 
15208 | Jeff_Heuerman 
14467 | Ryan_Hewitt 
15605 | Tyler_Higbee 
14427 | Josh_Hill 
15897 | Bucky_Hodges 
11542 | Michael_Hoomanawanui 
15610 | Austin_Hooper 
11923 | Robert_Housler 
15904 | O.J._Howard 
14474 | Nic_Jacobs 
15218 | Jesse_James 
13184 | D.C._Jefferson 
14459 | Marcel_Jensen 
11241 | David_Johnson 
12869 | Dominique_Jones 
13214 | Nick_Kasa 
13217 | Travis_Kelce 
11901 | Lance_Kendricks 
15929 | George_Kittle 
15232 | Ben_Koyack 
14880 | Henry_Krieger-Coble 
15233 | Tyler_Kroft 
14725 | Matt_LaCosse 
14646 | Khari_Lee 
15940 | Jordan_Leggett 
14883 | Matt_Lengel 
14400 | Brian_Leonhardt 
2612 | Marcedes_Lewis 
14243 | Arthur_Lynch 
14877 | Chris_Manhertz 
11595 | Anthony_McCoy 
13269 | Vance_McDonald 
15037 | Sean_McGrath 
11180 | Zach_Miller 
11503 | Tony_Moeaki 
14804 | Ifeanyi_Momah 
15664 | David_Morgan 
11248 | Cameron_Morrah 
11292 | Matthew_Mulligan 
11202 | Brandon_Myers 
14273 | Troy_Niklas 
15971 | David_Njoku 
15268 | Nick_O'Leary 
15270 | James_O'Shaughnessy 
2761 | Greg_Olsen 
11672 | Michael_Palmer 
14680 | Brian_Parker 
11184 | Bear_Pascoe 
12009 | Niles_Paul 
11740 | Logan_Paulsen 
12514 | David_Paulson 
14657 | Justin_Perillo 
14840 | Joshua_Perkins 
11020 | Brandon_Pettigrew 
11208 | John_Phillips 
11524 | Dennis_Pitta 
15283 | MyCole_Pruitt 
11564 | Andrew_Quarless 
13325 | Jordan_Reed 
13336 | Mychal_Rivera 
15988 | Michael_Roberts 
12401 | Adrien_Robinson 
14302 | Richard_Rodgers 
12385 | Evan_Rodriguez 
11897 | Kyle_Rudolph 
15699 | Beau_Sandland 
15995 | Eric_Saubert 
15996 | Mason_Schreck 
14311 | Austin_Seferian-Jenkins 
15999 | Adam_Shaheen 
11624 | Mickey_Shuler 
14706 | Scott_Simonson 
13359 | Dion_Sims 
16003 | Jonnu_Smith 
12013 | Lee_Smith 
2779 | Matt_Spaeth 
16006 | Jeremy_Sprinkle 
15323 | Neal_Sterling 
11958 | Luke_Stocker 
13380 | Jake_Stoneburner 
13383 | Zach_Sudfeld 
14520 | Phillip_Supernaw 
15326 | Geoff_Swaim 
14760 | Erik_Swoope 
2970 | Jacob_Tamme 
12072 | Ryan_Taylor 
15329 | Randall_Telfer 
11983 | Julius_Thomas 
14335 | Logan_Thomas 
14508 | Jordan_Thompson 
12419 | Taylor_Thompson 
14878 | D.J._Tialavea 
13407 | Levine_Toilolo 
14768 | Ross_Travis 
14637 | Will_Tye 
15336 | C.J._Uzomah 
14808 | Hakeem_Valles 
15730 | Nick_Vannett 
15338 | Clive_Walford 
2663 | Delanie_Walker 
15340 | Darren_Waller 
3085 | Ben_Watson 
14743 | Cole_Wick 
14486 | Brandon_Williams 
11995 | D.J._Williams 
15349 | Maxx_Williams 
13440 | Michael_Williams 
13532 | Luke_Willson 
2272 | Jason_Witten 
15040 | Tim_Wright 
